﻿pos_x,pos_y,rotation,side,designator,mpn,pack,footprint,value,mount_type
142.0375,-73.5,0.0,top,C1,,,C_0805_2012Metric_Pad1.18x1.45mm_HandSolder,0.1u (25V),smt
142.0375,-60.5,0.0,top,C2,,,C_0805_2012Metric_Pad1.18x1.45mm_HandSolder,0.1u (25V),smt
161.4625,-75.0,0.0,top,C3,,,C_0805_2012Metric_Pad1.18x1.45mm_HandSolder,0.1u (25V),smt
142.0,-77.0,0.0,top,C4,,,C_0805_2012Metric_Pad1.18x1.45mm_HandSolder,10u (25V),smt
142.0,-63.5,0.0,top,C5,,,C_0805_2012Metric_Pad1.18x1.45mm_HandSolder,10u (25V),smt
162.4625,-57.5,0.0,top,C6,,,C_0805_2012Metric_Pad1.18x1.45mm_HandSolder,0.1u (25V),smt
177.5,-61.42,0.0,top,J1,1-0601FBV0T,,PinHeader_1x06_P2.54mm_Vertical,PCA9685 (2x) Pin Header,tht
155.65,-75.45,0.0,top,U1,,,SOT-23-5_BigPads,SN74LVC1G04DBVR,smt
133.6375,-64.825,0.0,top,U2,,,TSSOP-28_4.4x9.7mm_P0.65mm,PCA9685PW,smt
133.6375,-77.875,0.0,top,U3,,,TSSOP-28_4.4x9.7mm_P0.65mm,PCA9685PW,smt
165.96,-62.9,0.0,top,Y1,,,Oscillator_SMD_SeikoEpson_SG8002CA-4Pin_7.0x5.0mm,SG-8002CA,smt
