﻿Designator,Quantity,Value,Footprint,Package,MPN,DNP,Mount_Type,Description,Specifications,Manufacturer
"C1, C2, C3, C6",4,0.1u (25V),C_0805_2012Metric_Pad1.18x1.45mm_HandSolder,,,,smt,0805,,
"C4, C5",2,10u (25V),C_0805_2012Metric_Pad1.18x1.45mm_HandSolder,,,,smt,0805,,
J1,1,PCA9685 (2x) Pin Header,PinHeader_1x06_P2.54mm_Vertical,,1-0601FBV0T,,tht,HEADER 1x6 MALE PINS 0.100” 180deg,HEADER 1x6 MALE PINS 0.100” 180deg,TAD
U1,1,SN74LVC1G04DBVR,SOT-23-5_BigPads,,,,smt,"Single NOT Gate, Low-Voltage CMOS",,
"U2, U3",2,PCA9685PW,TSSOP-28_4.4x9.7mm_P0.65mm,,,,smt,16-channel 12-bit PWM Fm+ I2C-bus LED controller RGBA TSSOP,,
Y1,1,SG-8002CA,Oscillator_SMD_SeikoEpson_SG8002CA-4Pin_7.0x5.0mm,,,,smt,CMOS Clock Oscillator 1 to 125 MHz,,
